label,packet_index,mean_size,std_size,count
110,0,60.0,0.0,100
110,1,60.0,0.0,100
110,2,52.0,0.0,100
110,3,725.0,0.0,100
110,4,52.0,0.0,100
110,5,1500.0,0.0,100
110,6,52.0,0.0,100
110,7,1500.0,0.0,100
110,8,68.36,71.67103862633621,100
110,9,362.68,71.63767983203512,100
110,10,52.0,0.0,100
110,11,116.0,0.0,100
110,12,215.2,33.48088554637851,100
110,13,385.5,92.80069879569709,100
110,14,73.78,86.64202213706697,100
110,15,120.02,171.14858451006242,100
110,16,272.61,253.79682062944786,100
110,17,307.54,246.7286744338379,100
110,18,108.75,156.14247411329893,100
110,19,234.07,382.7045239166407,100
111,0,60.0,0.0,100
111,1,60.0,0.0,100
111,2,52.0,0.0,100
111,3,1947.0,0.0,100
111,4,52.0,0.0,100
111,5,732.56,726.3364320514651,100
111,6,819.44,726.3364320514651,100
111,7,732.56,726.3364320514651,100
111,8,833.59,725.0165040963695,100
111,9,717.04,709.7726612846333,100
111,10,787.85,710.5436867695615,100
111,11,82.08,32.103267714981875,100
111,12,155.62,57.58415536842535,100
111,13,295.82,109.06326400560162,100
111,14,250.98,180.94945887364975,100
111,15,111.59,153.32398489288735,100
111,16,200.35,231.64267915926203,100
111,17,211.08,231.35135201854362,100
111,18,252.6,235.4832984276886,100
111,19,180.49,338.9494016349445,100
112,0,60.0,0.0,100
112,1,60.0,0.0,100
112,2,52.0,0.0,100
112,3,1962.0,0.0,100
112,4,52.0,0.0,100
112,5,848.4,724.0000000000001,100
112,6,703.6,724.0000000000001,100
112,7,848.4,724.0000000000001,100
112,8,728.08,711.6735388214079,100
112,9,370.2,307.2572047959004,100
112,10,321.29,305.33092810353435,100
112,11,87.2,32.0,100
112,12,124.04,25.256630292605813,100
112,13,241.4,130.99572049452146,100
112,14,211.68,160.72631107166947,100
112,15,95.13,119.90759531464808,100
112,16,181.34,224.4805100536333,100
112,17,266.16,248.04307706688382,100
112,18,248.18,262.1766841986025,100
112,19,100.94,131.09036285068112,100
120,0,60.0,0.0,100
120,1,60.0,0.0,100
120,2,52.0,0.0,100
120,3,614.4,36.15343285319815,100
120,4,52.0,0.0,100
120,5,1500.0,0.0,100
120,6,52.0,0.0,100
120,7,1024.06,0.6936945446031135,100
120,8,52.0,0.0,100
120,9,116.0,0.0,100
120,10,98.06,49.158128688565995,100
120,11,472.6,167.99272471019557,100
120,12,167.86,157.02499447186392,100
120,13,81.19,84.28243703120592,100
120,14,288.31,237.66195732509644,100
120,15,296.15,258.2300037727701,100
120,16,69.05,15.499999999999996,100
120,17,83.87,149.52001690257214,100
120,18,195.82,284.6943205643839,100
120,19,579.95,595.4344712862697,100
121,0,60.0,0.0,100
121,1,60.0,0.0,100
121,2,52.0,0.0,100
121,3,1835.96,34.77428517009241,100
121,4,52.0,0.0,100
121,5,877.36,720.4811456326398,100
121,6,674.64,720.4811456326398,100
121,7,877.36,720.4811456326398,100
121,8,674.64,720.4811456326398,100
121,9,406.95,303.5714807741234,100
121,10,309.06,303.60350339336867,100
121,11,88.48,31.844470525199547,100
121,12,106.96,38.003168395290515,100
121,13,302.99,227.26487438958338,100
121,14,331.37,219.69591725975715,100
121,15,93.42,84.35293579821499,100
121,16,207.09,218.98655901744976,100
121,17,297.17,248.94026117999402,100
121,18,173.21,238.33921565107934,100
121,19,84.47,127.73294861395846,100
122,0,60.0,0.0,100
122,1,60.0,0.0,100
122,2,52.0,0.0,100
122,3,1827.32,34.82332899686993,100
122,4,52.0,0.0,100
122,5,1022.16,684.2981026813777,100
122,6,529.84,684.2981026813777,100
122,7,1036.64,678.8602974355942,100
122,8,527.59,675.8743546942237,100
122,9,455.82,291.29856875998576,100
122,10,247.83,286.9071596925184,100
122,11,94.88,30.24522000801669,100
122,12,138.78,16.067773129258867,100
122,13,370.43,190.55438816381232,100
122,14,211.46,223.28866219910643,100
122,15,81.7,118.32146760824808,100
122,16,224.86,245.61565688915456,100
122,17,295.48,250.1971941481278,100
122,18,174.17,205.0209673928671,100
122,19,176.96,256.42731539523646,100
210,0,52.0,0.0,100
210,1,48.0,0.0,100
210,2,40.0,0.0,100
210,3,713.0,0.0,100
210,4,40.0,0.0,100
210,5,1500.0,0.0,100
210,6,1500.0,0.0,100
210,7,321.88,77.72696059952688,100
210,8,61.21,77.69927719591529,100
210,9,100.16,15.27572842086029,100
210,10,72.74,64.25055437405763,100
210,11,262.34,158.24289091536633,100
210,12,322.16,140.29569926524204,100
210,13,225.12,216.40778379921758,100
210,14,105.27,167.20868561607244,100
210,15,285.78,253.17581147327544,100
210,16,95.61,109.48547203103517,100
210,17,79.43,204.48112481116783,100
210,18,112.42,151.14085877723204,100
210,19,267.93,460.6439992449744,100
211,0,52.0,0.0,100
211,1,48.0,0.0,100
211,2,40.0,0.0,100
211,3,1935.0,0.0,100
211,4,40.0,0.0,100
211,5,507.2,684.48621150274,100
211,6,1500.0,0.0,100
211,7,1422.34,285.25704233554023,100
211,8,999.83,646.5963263056163,100
211,9,101.57,236.82526717332587,100
211,10,93.5,42.913467076963805,100
211,11,145.62,151.61346252955906,100
211,12,311.72,169.28990614691807,100
211,13,280.88,175.53895535887426,100
211,14,194.26,203.78824521764963,100
211,15,181.58,224.00167658102717,100
211,16,180.22,213.30670193622396,100
211,17,63.41,51.6437084867327,100
211,18,66.06,46.75118320762728,100
211,19,148.33,284.3444722319899,100
212,0,52.0,0.0,100
212,1,48.0,0.0,100
212,2,40.0,0.0,100
212,3,1950.0,0.0,100
212,4,40.0,0.0,100
212,5,463.4,665.8301114952202,100
212,6,1500.0,0.0,100
212,7,1241.18,411.13352496912165,100
212,8,451.61,270.82022420488437,100
212,9,69.69,85.2330963128215,100
212,10,88.48,29.395416395256333,100
212,11,106.56,129.9193471646035,100
212,12,231.19,165.73044287930233,100
212,13,286.68,174.0165370058695,100
212,14,191.57,209.56714673321054,100
212,15,148.32,205.94124296885155,100
212,16,209.04,228.22485456764835,100
212,17,68.68,50.54508538488838,100
212,18,84.93,157.22815275961878,100
212,19,200.53,356.1189636380324,100
220,0,52.0,0.0,100
220,1,48.0,0.0,100
220,2,40.0,0.0,100
220,3,600.38,33.946416481260464,100
220,4,40.0,0.0,100
220,5,1500.0,0.0,100
220,6,1014.0,0.6666666666666666,100
220,7,40.0,0.0,100
220,8,104.0,0.0,100
220,9,40.0,0.0,100
220,10,552.0,0.0,100
220,11,40.92,9.200000000000001,100
220,12,131.39,6.1,100
220,13,43.72,10.124557603503803,100
220,14,76.53,64.12825768990947,100
220,15,140.17,172.31185347643634,100
220,16,93.38,142.74352078911576,100
220,17,338.22,230.90198978979996,100
220,18,90.2,137.9055451892323,100
220,19,266.17,272.6130218771101,100
221,0,52.0,0.0,100
221,1,48.0,0.0,100
221,2,40.0,0.0,100
221,3,1825.56,36.15240467294483,100
221,4,40.0,0.0,100
221,5,551.0,699.8838287440093,100
221,6,1500.0,0.0,100
221,7,1199.67,411.3428871490071,100
221,8,431.33,288.60490118828363,100
221,9,61.76,30.470094628449495,100
221,10,81.6,30.679839068230542,100
221,11,214.72,243.382812736137,100
221,12,372.8,245.43871254584434,100
221,13,77.32,65.06451809666706,100
221,14,100.12,43.12286416903931,100
221,15,62.26,67.59947701668477,100
221,16,74.05,64.89671280837985,100
221,17,128.57,171.4100320602884,100
221,18,224.03,227.9713545269416,100
221,19,240.89,261.9416194883929,100
222,0,52.0,0.0,100
222,1,48.0,0.0,100
222,2,40.0,0.0,100
222,3,1949.2,126.74319857033113,100
222,4,40.0,0.0,100
222,5,492.75,663.7540066268009,100
222,6,1229.73,522.1563652757475,100
222,7,634.92,637.4355927852594,100
222,8,288.13,269.79908929768203,100
222,9,128.84,165.50533086717945,100
222,10,155.72,174.19483344806756,100
222,11,176.32,214.2006460486914,100
222,12,297.65,274.4994112337525,100
222,13,196.19,220.39407749288412,100
222,14,152.59,174.77183365286248,100
222,15,144.19,243.8607275566208,100
222,16,195.88,341.44293576502406,100
222,17,318.13,458.8008228529075,100
222,18,388.77,507.78731440108527,100
222,19,415.13,540.2930864752291,100
